{
	//.laser.length一共有多少个激光
	//.laser[1].color 激光颜色 .angle角度 .x .y坐标
	"laser":[
		{	
			"x":"15",
			"y":"2", 
			"angle":"180",
			"color":"blue"
			},
		{	
			"x":"15",
			"y":"14", 
			"angle":"180",
			"color":"red"
			}
	],
	//.target.length一共有多少个激光
	//.target[1].color 颜色
	//.target[1].x 坐标
	"target":[
		{
			"color":"red",
			"x":"8",
			"y":"5"},
		{
			"color":"blue",
			"x":"3",
			"y":"6"},
		{
			"color":"red",
			"x":"9",
			"y":"9"},
		{
			"color":"red",
			"x":"6",
			"y":"11"},
		{
			"color":"blue",
			"x":"13",
			"y":"10"},
		{
			"color":"blue",
			"x":"10",
			"y":"11"}

	],
	//.mirror.length一共有多少种镜子
	//.mirror[i].type镜子种类
	//.mirror[i].num该种类镜子数量
	"mirror":[
		{"mtype":"90", "num":"2"},
		{"mtype":"45", "num":"7"},
		{"mtype":"0",  "num":"2"}
	],
	//.block.x[1] 坐标
	"block":{
		"x":["1","2","15","4","5","6","7","8","9","10","11","12","13","14","1","2","15","4","5","6","7","8","9","10","11","12","13","14","15","1","3","4","5","6","7","8","9","10","11","12","13","14"],
		"y":["4","4","4","4","4","4","4","4","4","4","4","4","4","4","8","8","8","8","8","8","8","8","8","8","8","8","8","8","12","12","12","12","12","12","12","12","12","12","12","12","12","12"]
	}
}