{
	//.laser.length一共有多少个激光
	//.laser[1].color 激光颜色 .angle角度 .x .y坐标
	"laser":[
		{	
			"x":"8",
			"y":"15", 
			"angle":"90",
			"color":"green"
			},
	],
	//.target.length一共有多少个激光
	//.target[1].color 颜色
	//.target[1].x 坐标
	"target":[
		{
			"color":"green",
			"x":"2",
			"y":"3"},
		{
			"color":"green",
			"x":"2",
			"y":"6"},
		{
			"color":"green",
			"x":"4",
			"y":"10"},
		{
			"color":"green",
			"x":"3",
			"y":"12"},
		{
			"color":"green",
			"x":"5",
			"y":"5"},
		{
			"color":"green",
			"x":"7",
			"y":"2"},
		{
			"color":"green",
			"x":"7",
			"y":"12"},
		{
			"color":"green",
			"x":"11",
			"y":"1"},
		{
			"color":"green",
			"x":"11",
			"y":"5"},
		{
			"color":"green",
			"x":"13",
			"y":"9"}
	],
	//.mirror.length一共有多少种镜子
	//.mirror[i].type镜子种类
	//.mirror[i].num该种类镜子数量
	"mirror":[
		{"mtype":"90", "num":"2"},
		{"mtype":"45", "num":"0"},
		{"mtype":"0",  "num":"4"}
	],
	//.block.x[1] 坐标
	"block":{
		"x":["0","0","1","0", "0","1"],
		"y":["0","1","0","13","14","14"]
	}
}